link,content,reactions,shares,comments
https://m.facebook.comhttps://m.facebook.com/story.php?story_fbid=10160358961691815&substory_index=0&id=322004096814&eav=AfbkjIWPSJDqwEstZkm6ZUN1pfeemhk_I9a05awliw13YmvZl_hq6sUjx4rrL38O3F4&m_entstream_source=timeline&__tn__=%2As%2As-R&paipv=0,"WINNER WINNER CHICKEN DINNER!
ChÃºc má»«ng Äá»™i Pro Team Ä‘Ã£ xuáº¥t sáº¯c trá»Ÿ thÃ nh NhÃ  vÃ´ Ä‘á»‹ch cá»§a Äáº¡i há»™i chiáº¿n tháº§n sinh viÃªn bá»™ mÃ´n PUBG Mobile!
KhÃ´ng quÃªn Äƒn má»«ng cÃ¹ng Ä‘á»™i Apex Ä‘Ã£ rinh trá»n giáº£i NhÃ¬, vÃ  Ä‘á»™i Ladyâ€¦ Xem thÃªm",21,0,45 bÃ¬nh luáº­n
https://m.facebook.comhttps://m.facebook.com/story.php?story_fbid=10160358576321815&substory_index=0&id=322004096814&eav=AfY7ZxbjzkB5Wd3q7_U_0VbhCTg44R9hUKH_ny_eLgZPsZ-xxuS44ZIPoVLJgwC-xfc&m_entstream_source=timeline&__tn__=%2As%2As-R&paipv=0,"XEM SIÃŠU SAO SINH NÄ‚M 98 TRÃŠN TV 98â€
Xem siÃªu sao sinh nÄƒm 98 trÃ¬nh diá»…n CÃºp Tháº¿ Giá»›i, cáº§n siÃªu pháº©m TV Neo QLED 4K QN90A 98â€ mÃ n hÃ¬nh lá»›n nháº¥t Viá»‡t Nam! Mang cáº£ sÃ¢n váº­n Ä‘á»™ng Qatar sá»‘ng Ä‘á»™ng ngay trÆ°á»›c máº¯t nhá»â€¦ Xem thÃªm",25,0,36 bÃ¬nh luáº­n
https://m.facebook.comhttps://m.facebook.com/story.php?story_fbid=pfbid02reNxreDcLrRAFoVfAnu6j6UfTrDM3piTvrBc8d77yEEFfy6NN6yWZyCbkxvTbLdSl&id=322004096814&eav=AfaQavrl1Bo0lM9w6Ikp0gYtFjFVoTIcbN7CLdXPM8bA7KQBDuxszNksr_QfZ5iqKZg&m_entstream_source=timeline&__tn__=%2As%2As-R&paipv=0,"7 Sáº®C MÃ€U Má»šI
Báº¾P â€œBIáº¾N HÃ“A"" KHáº®P NÄ‚M CHÃ‚U
KhoÃ¡c Ã¡o má»›i cho gian báº¿p mÃ¹a lá»… há»™i vá»›i tá»§ láº¡nh Samsung Bespoke Ä‘a mÃ u sáº¯c ná»•i báº­t, Ä‘Ã³n lá»… Ä‘áº­m cháº¥t riÃªng:
ğŸ‡ºğŸ‡¸ PhiÃªn báº£n Ã¡nh Ä‘Ã¨n rá»±c rá»¡ nhÆ° New York
ğŸ‡©ğŸ‡ª PhiÃªn báº£nâ€¦ Xem thÃªm",56,8 lÆ°á»£t chia sáº»,31 bÃ¬nh luáº­n
https://m.facebook.comhttps://m.facebook.com/story.php?story_fbid=1158229941745401&id=322004096814&eav=AfafoKn_U-i9sMklhyHeTPI04ew1rvNpJe-WYihZA9MuX06vDZF1Yf6wmXG36qQFYGg&m_entstream_source=timeline&__tn__=%2As%2As-R&paipv=0,"Tráº­n chiáº¿n chung káº¿t cá»§a Äáº¡i há»™i chiáº¿n tháº§n sinh viÃªn bá»™ mÃ´n PUBG Mobile chÃ­nh thá»©c khá»Ÿi tranh! Vá»›i sá»± quy tá»¥ cá»§a cÃ¡c tuyá»ƒn thá»§ tá»« Nam ra Báº¯c, káº¿t há»£p cÃ¹ng cÃ¡c chiáº¿n tháº§n â€œtay toâ€ team One Shot Killer há»©a háº¹nâ€¦ Xem thÃªm",7K,82 lÆ°á»£t chia sáº»,5K bÃ¬nh luáº­n
https://m.facebook.comhttps://m.facebook.com/story.php?story_fbid=pfbid02Jx9wVLX62ZVYJMnms7CiVXpLzY6rRUanRPxQSTvjFeLHWmMfqVZ1VnLmu7TnG2Aol&id=322004096814&eav=AfYikt_0Cn5ggztgLKfUrTSBF_75FM-f1vOGfTqfpu0rmDlby99Xo5Es1kGzyjOIJWI&m_entstream_source=timeline&__tn__=%2As%2As-R&paipv=0,"Xoay chuyá»ƒn ngoáº¡n má»¥c!
55inch cong 1000R vÃ  Dolby Atmos, bao quÃ¡t táº§m nhÃ¬n vÃ  Ã¢m thanh ká»ƒ cáº£ khi xoay dá»c sang cháº¿ Ä‘á»™ Cockpit Mode, toÃ n quyá»n Ä‘iá»u khiá»ƒn náº¯m giá»¯ tháº¿ tráº­n báº¥t ká»ƒ vá»‹ trÃ­ vÃ  khÃ´ng gian cÃ¹ng 4Kâ€¦ Xem thÃªm",23,0,21 bÃ¬nh luáº­n
https://m.facebook.comhttps://m.facebook.com/story.php?story_fbid=10160356293061815&substory_index=0&id=322004096814&eav=AfaEzMCmfQLdMcWlNN3n5jwwX0VHNY8trqbFIps5cFsl381SaFRXDeNKpzpm8BKd-4M&m_entstream_source=timeline&__tn__=%2As%2As-R&paipv=0,"KhÃ´ng chá»‰ lÃ  Ä‘am mÃª du lá»‹ch, báº¡n thÃ­ch khÃ¡m phÃ¡ nhá»¯ng Ä‘iá»ƒm Ä‘áº¿n khÃ¡c biá»‡t vÃ  má»›i láº¡. HÃ£y Ä‘á»ƒ Galaxy Z Fold4 giÃºp báº¡n dá»… dÃ ng so sÃ¡nh, tÃ¬m kiáº¿m vÃ  lÃªn káº¿ hoáº¡ch vi vu vá»›i mÃ n hÃ¬nh Ä‘a nhiá»‡m.
KhÃ¡m phÃ¡ ngay: https://bit.ly/Galaxy_Z_Fold4_Nov25
#LinhHoatBienHoa #GalaxyZFold4",57,1 lÆ°á»£t chia sáº»,19 bÃ¬nh luáº­n
https://m.facebook.comhttps://m.facebook.com/story.php?story_fbid=10160356332841815&substory_index=0&id=322004096814&eav=AfYpcnZjW-pok4p-Vm5nabqJc4xFjHjEFfVQhgzJMkVdYeFyJL7xSxVI4hHdZJ1CCOo&m_entstream_source=timeline&__tn__=%2As%2As-R&paipv=0,"TRá»” TÃ€I Dá»° ÄOÃN ANH - Má»¸
NHáº¬N NGAY QUÃ€ THá»œI THÆ¯á»¢NG
Xem trÃ¬nh diá»…n Ä‘áº³ng cáº¥p Tháº¿ Giá»›i Ä‘Ã£ cÃ³ TV Neo QLED 8K QN900B Ä‘á»‰nh cao xá»©ng táº§m. ThÆ°á»Ÿng thá»©c trá»n váº¹n tá»«ng chi tiáº¿t áº©n sÃ¢u vá»›i Ä‘á»™ tÆ°Æ¡ng pháº£n áº¥n tÆ°á»£ng nhá» cÃ´ngâ€¦ Xem thÃªm",59,27 lÆ°á»£t chia sáº»,45 bÃ¬nh luáº­n
