title,price,website,VAT
Keycap Chim cÃ¡nh cá»¥t - PhiÃªn báº£n chuyá»ƒn mÃ u keycap Ä‘á»™c Ä‘Ã¡o 108 keys,690000,lazada.vn,0
5 Máº·t Dyesub PBT Báº§u Trá»i Äáº§y Sao KhÃ´ng Gian Thanh 6.25u Má»›i Láº¡ Keycap,160000,lazada.vn,0
JSJT 137 Keys Botanical Garden Keycap Set XDA Profile PBT Sublimation Custom Keycaps for Mechanical Keyboards,1086013,banggood.com,0
1 PCS Handmade Resin Keycap Personalized Owl Keycap for Mechanical Keyboards,227105,banggood.com,0
ã€Free Váº­n Chuyá»ƒn + SiÃªu Dealã€‘five 2 Máº·t Dyesub PBT Hoa Máº«u ÄÆ¡n KhÃ´ng Gian Thanh 6.25u Má»›i Láº¡ Keycap,146000,lazada.vn,0
"Keycap PBT XuyÃªn Led EZPC GiÃ¡ Ráº» - MS13,Chá»n Máº«u 1",300000,tiki.vn,0
Keycap bá»c phÃ­m nÄƒm máº·t hÃ¬nh hoa anh Ä‘Ã o/ cÃ´ gÃ¡i máº·c Ä‘á»“ Ä‘á»/ khÃºc nháº¡c cá»§a biá»ƒn,160300,shopee.vn,0
DAGK 128 Keys Electronic Game PBT Keycap Set Cherry Profile Five-sided Sublimation Custom Keycaps for Mechanical Keyboar,1414418,banggood.com,0
Handmade Resin Keycap Personalized Whale Keycap for Mechanical Keyboards,429201,banggood.com,0
121 Keys Heavy Industry PBT Keycap Set XDA Profile Sublimation Custom Keycaps for Mechanical Keyboards,606035,banggood.com,0
129 Keys Pencil Chalk PBT Keycap Set Sublimation Charry Profile Custom Keycaps for Mechanical Keyboards,656559,banggood.com,0
DAGK 129 Keys Electronic Game Keycap Set XDA Profile PBT Sublimation Keycaps for Mechanical Keyboards,727292,banggood.com,0
134 Keys Shiba Inu Cat Theme PBT Keycap Set XDA Profile Sublimation DIY Custom Keycaps for Mechanical Keyboards,631297,banggood.com,0
134 Keys AI Theme Keycap Set Cherry Profile PBT Sublimation White Keycaps for DIY Mechanical Keyboards,767712,banggood.com,0
127 Keys Daydream/Childlike/Peace and Joy PBT Keycap Set XDA Profile Sublimation Keycaps for Mechanical Keyboards,757607,banggood.com,0
135 Keys EVA13 No. 13 PBT Keycap Set XDA Profile Sublimation Japanese Custom Keycaps for Mechanical Keyboards,757607,banggood.com,0
128 Keys Egyptian Pharaoh Keycap Set Cherry Profile PBT Sublimation Vintage Keycaps for DIY Mechanical Keyboards,909179,banggood.com,0
Keycap 1 Piece Handmade Resin Keycap for Mechanical Keyboard Resin Key Cap (Color : Model 10),2007653,fado.vn,0
147 Keys Botanical Garden PBT Keycap Set XDA Profile Five-sided Sublimation Custom Keycaps for Mechanical Keyboards,1313370,banggood.com,0
Ffzhushengmy DIY Keycap 1pc Resin Hand-Made Customized Key Cap 3D Stereoscopic Mechanical Keyboard Keycap for ONE Piece Boa Hancock Personality Key...,1987884,fado.vn,0
Ffzhushengmy DIY Keycap 1pc Resin Hand-Made Key Cap 3D Stereoscopic Mechanical Keyboard Keycap for ONE Piece Death Doctor Personality Keycap (Color...,2292575,fado.vn,0
VÃ²ng Ä‘á»‡m cao su Keycap giáº£m á»“n loáº¡i 1 (mm) 1.5 (mm) set 10 vÃ²ng,2900,shopee.vn,0
keycap trong suá»‘t.,11000,tiki.vn,0
Keycap nhÃ¢n váº­t cosplay Naruto,15000,shopee.vn,0
Keycap cÃºn yÃªu Stitch,27000,shopee.vn,0
Keycap Máº«u Má»›i 2022 SiÃªu ÄÃ¡ng YÃªu,19000,shopee.vn,0
Keycap káº¹o Sweet Bling Bling âœ¨,24000,shopee.vn,0
KEYCAP MÃˆO TRONG GIá» SIÃŠU CUTE,29000,shopee.vn,0
"MÃ´ hÃ¬nh Phi HÃ nh Gia HÃ¡i Sao Mini dÃ¹ng trong sÃ¡ng táº¡o nghá»‡ thuáº­t thá»§ cÃ´ng Resin, Resin Keycap",15000,shopee.vn,0
Keycap MÃ¨o Chii kute Cherry profile láº» ğŸ’– ğ˜ğ˜³ğ˜¦ğ˜¦ğ˜´ğ˜©ğ˜ªğ˜± ğŸ’– cho bÃ n phÃ­m cÆ¡,18000,shopee.vn,0
Keycap CANDY SiÃªu Xinh (á»NGOÃ€I XINH HÆ N áº¢NH) keycaps láº» dá»… thÆ°Æ¡ng (0013_CH),23200,shopee.vn,0
Keycap leÌ‰ bÃ¢Ì€u trÆ¡Ì€i viÌ€ sao Ä‘aÌng yÃªu dÃªÌƒ thÆ°Æ¡ng (0015_CH),23200,shopee.vn,0
Keycap HoÃ ng Tá»­ BÃ© CÃ¢u Chuyá»‡n Cá»• TÃ­ch,29000,shopee.vn,0
Keycap anime hoáº¡t hÃ¬nh Shin cáº­u bÃ© bÃºt chÃ¬,32500,shopee.vn,0
ã€aosunookã€‘ Silicone Keycap Mold Marine Life Decoration Craft DIY Cat Claw Keyboard Mold .,26300,shopee.vn,0
Keycap Láº» HÃ¬nh LOGO Bilibili OEM profile in dye sub ( keycap resin Ä‘á»™c láº¡ )( Keycap Artisan ),22000,shopee.vn,0
KeyCap Má»™t MÃ u,69000,shopee.vn,0
Keycap custom chÃ¢n mÃ¨o theo yÃªu cáº§u,49000,shopee.vn,0
Keycap customs Dragon Ball,75000,shopee.vn,0
Keycap hoáº¡t hÃ¬nh Doreamon tuá»•i thÆ¡ 12 cung hoÃ ng Ä‘áº¡o,42000,shopee.vn,0
